label;P;P_set
power;579150.5291060068;False
heat;999999.9999999997;True
ti;0.0;False
