label;P;P_set
power;246393.64556952615;False
heat;400000.0000003581;True
ti;895999.3747451497;False
