label;P;P_set
power;188651.74547006265;False
heat system;999999.9999999999;True
heat storage;815121.2894393386;False
ti;0.0;False
