label;P;P_set
power;234395.83606811808;False
heat;999999.9999999998;True
ti;0.0;False
