label;P;P_set
heat;1000000.0000000001;True
power;0.0;False
ti;1059040.2959257455;False
