label;P;P_set
heat;100000.00000000001;True
power;0.0;False
ti;113428.42323998128;False
